id,source_type,source_name,url,title,score,num_comments,rank,published_at,author,permalink,fetched_at,language
45196173,social,HackerNews,https://news.ycombinator.com/,,194,67,1,,tosh,https://news.ycombinator.com/item?id=45196173,2025-09-10T15:18:24.446178+00:00,en
45192655,social,HackerNews,https://news.ycombinator.com/,,662,138,2,,vuciv,https://news.ycombinator.com/item?id=45192655,2025-09-10T15:18:24.446403+00:00,en
45196437,social,HackerNews,https://news.ycombinator.com/,,64,24,3,,feross,https://news.ycombinator.com/item?id=45196437,2025-09-10T15:18:24.446585+00:00,en
45195520,social,HackerNews,https://news.ycombinator.com/,,411,470,4,,robtherobber,https://news.ycombinator.com/item?id=45195520,2025-09-10T15:18:24.446757+00:00,en
45186015,social,HackerNews,https://news.ycombinator.com/,,830,1693,5,,excerionsforte,https://news.ycombinator.com/item?id=45186015,2025-09-10T15:18:24.446927+00:00,en
45197187,social,HackerNews,https://news.ycombinator.com/,,85,61,6,,coloneltcb,https://news.ycombinator.com/item?id=45197187,2025-09-10T15:18:24.447099+00:00,en
45155846,social,HackerNews,https://news.ycombinator.com/,,22,2,7,,MKuykendall,https://news.ycombinator.com/item?id=45155846,2025-09-10T15:18:24.447263+00:00,en
45185756,social,HackerNews,https://news.ycombinator.com/,,524,171,8,,rbanffy,https://news.ycombinator.com/item?id=45185756,2025-09-10T15:18:24.447429+00:00,en
45163417,social,HackerNews,https://news.ycombinator.com/,,32,6,9,,ibobev,https://news.ycombinator.com/item?id=45163417,2025-09-10T15:18:24.447592+00:00,en
45191347,social,HackerNews,https://news.ycombinator.com/,,209,54,10,,Gaishan,https://news.ycombinator.com/item?id=45191347,2025-09-10T15:18:24.447753+00:00,en
45154088,social,HackerNews,https://news.ycombinator.com/,,52,25,11,,zdw,https://news.ycombinator.com/item?id=45154088,2025-09-10T15:18:24.447917+00:00,en
45182381,social,HackerNews,https://news.ycombinator.com/,,603,316,12,,meetpateltech,https://news.ycombinator.com/item?id=45182381,2025-09-10T15:18:24.448080+00:00,en
45196433,social,HackerNews,https://news.ycombinator.com/,,0,0,13,,,https://news.ycombinator.com/item?id=45196433,2025-09-10T15:18:24.448218+00:00,en
45182657,social,HackerNews,https://news.ycombinator.com/,,446,802,14,,bikenaga,https://news.ycombinator.com/item?id=45182657,2025-09-10T15:18:24.448380+00:00,en
45171733,social,HackerNews,https://news.ycombinator.com/,,177,47,15,,CharlesW,https://news.ycombinator.com/item?id=45171733,2025-09-10T15:18:24.448539+00:00,en
45183029,social,HackerNews,https://news.ycombinator.com/,,774,430,16,,WhyNotHugo,https://news.ycombinator.com/item?id=45183029,2025-09-10T15:18:24.448702+00:00,en
45192194,social,HackerNews,https://news.ycombinator.com/,,79,32,17,,lawrenceyan,https://news.ycombinator.com/item?id=45192194,2025-09-10T15:18:24.448863+00:00,en
45157094,social,HackerNews,https://news.ycombinator.com/,,27,17,18,,GeneralMaximus,https://news.ycombinator.com/item?id=45157094,2025-09-10T15:18:24.449021+00:00,en
45177683,social,HackerNews,https://news.ycombinator.com/,,316,413,19,,geerlingguy,https://news.ycombinator.com/item?id=45177683,2025-09-10T15:18:24.449176+00:00,en
45194165,social,HackerNews,https://news.ycombinator.com/,,55,47,20,,GeoAtreides,https://news.ycombinator.com/item?id=45194165,2025-09-10T15:18:24.449331+00:00,en
45196568,social,HackerNews,https://news.ycombinator.com/,,39,26,21,,hiAndrewQuinn,https://news.ycombinator.com/item?id=45196568,2025-09-10T15:18:24.449488+00:00,en
45157425,social,HackerNews,https://news.ycombinator.com/,,51,47,22,,ColinWright,https://news.ycombinator.com/item?id=45157425,2025-09-10T15:18:24.449643+00:00,en
45186265,social,HackerNews,https://news.ycombinator.com/,,449,208,23,,circuit,https://news.ycombinator.com/item?id=45186265,2025-09-10T15:18:24.449799+00:00,en
45154142,social,HackerNews,https://news.ycombinator.com/,,161,39,24,,lordnacho,https://news.ycombinator.com/item?id=45154142,2025-09-10T15:18:24.449954+00:00,en
45190777,social,HackerNews,https://news.ycombinator.com/,,109,11,25,,lioeters,https://news.ycombinator.com/item?id=45190777,2025-09-10T15:18:24.450115+00:00,en
45185875,social,HackerNews,https://news.ycombinator.com/,,187,302,26,,ChrisArchitect,https://news.ycombinator.com/item?id=45185875,2025-09-10T15:18:24.450279+00:00,en
45158118,social,HackerNews,https://news.ycombinator.com/,,142,21,27,,losfair,https://news.ycombinator.com/item?id=45158118,2025-09-10T15:18:24.450437+00:00,en
45183050,social,HackerNews,https://news.ycombinator.com/,,227,35,28,,lvogel,https://news.ycombinator.com/item?id=45183050,2025-09-10T15:18:24.450594+00:00,en
45157505,social,HackerNews,https://news.ycombinator.com/,,40,33,29,,Bogdanp,https://news.ycombinator.com/item?id=45157505,2025-09-10T15:18:24.450750+00:00,en
45182770,social,HackerNews,https://news.ycombinator.com/,,248,86,30,,darccio,https://news.ycombinator.com/item?id=45182770,2025-09-10T15:18:24.450907+00:00,en
45198322,social,HackerNews,https://news.ycombinator.com/,,8,0,31,,mlange-42,https://news.ycombinator.com/item?id=45198322,2025-09-10T15:18:26.340980+00:00,en
45188945,social,HackerNews,https://news.ycombinator.com/,,440,87,32,,marc__1,https://news.ycombinator.com/item?id=45188945,2025-09-10T15:18:26.341170+00:00,en
45183589,social,HackerNews,https://news.ycombinator.com/,,172,98,33,,mellosouls,https://news.ycombinator.com/item?id=45183589,2025-09-10T15:18:26.341336+00:00,en
45184432,social,HackerNews,https://news.ycombinator.com/,,394,835,34,,alloyed,https://news.ycombinator.com/item?id=45184432,2025-09-10T15:18:26.341496+00:00,en
45197240,social,HackerNews,https://news.ycombinator.com/,,8,3,35,,ksec,https://news.ycombinator.com/item?id=45197240,2025-09-10T15:18:26.341659+00:00,en
45197302,social,HackerNews,https://news.ycombinator.com/,,13,3,36,,nixy,https://news.ycombinator.com/item?id=45197302,2025-09-10T15:18:26.341821+00:00,en
45198150,social,HackerNews,https://news.ycombinator.com/,,6,6,37,,speckx,https://news.ycombinator.com/item?id=45198150,2025-09-10T15:18:26.341980+00:00,en
45197608,social,HackerNews,https://news.ycombinator.com/,,10,1,38,,benaadams,https://news.ycombinator.com/item?id=45197608,2025-09-10T15:18:26.342141+00:00,en
45178041,social,HackerNews,https://news.ycombinator.com/,,770,416,39,,TechTechTech,https://news.ycombinator.com/item?id=45178041,2025-09-10T15:18:26.342298+00:00,en
45196746,social,HackerNews,https://news.ycombinator.com/,,13,8,40,,mooreds,https://news.ycombinator.com/item?id=45196746,2025-09-10T15:18:26.342454+00:00,en
45153380,social,HackerNews,https://news.ycombinator.com/,,17,1,41,,christkv,https://news.ycombinator.com/item?id=45153380,2025-09-10T15:18:26.342609+00:00,en
45184368,social,HackerNews,https://news.ycombinator.com/,,610,243,42,,coloneltcb,https://news.ycombinator.com/item?id=45184368,2025-09-10T15:18:26.342769+00:00,en
45167436,social,HackerNews,https://news.ycombinator.com/,,119,5,43,,reisinge,https://news.ycombinator.com/item?id=45167436,2025-09-10T15:18:26.342927+00:00,en
45179304,social,HackerNews,https://news.ycombinator.com/,,276,281,44,,nobody9999,https://news.ycombinator.com/item?id=45179304,2025-09-10T15:18:26.343083+00:00,en
45166245,social,HackerNews,https://news.ycombinator.com/,,123,26,45,,gidellav,https://news.ycombinator.com/item?id=45166245,2025-09-10T15:18:26.343239+00:00,en
45156671,social,HackerNews,https://news.ycombinator.com/,,36,29,46,,seductivebarry,https://news.ycombinator.com/item?id=45156671,2025-09-10T15:18:26.343395+00:00,en
45179939,social,HackerNews,https://news.ycombinator.com/,,378,274,47,,tosh,https://news.ycombinator.com/item?id=45179939,2025-09-10T15:18:26.343550+00:00,en
45177518,social,HackerNews,https://news.ycombinator.com/,,155,80,48,,tempodox,https://news.ycombinator.com/item?id=45177518,2025-09-10T15:18:26.343706+00:00,en
45186011,social,HackerNews,https://news.ycombinator.com/,,143,118,49,,mercenario,https://news.ycombinator.com/item?id=45186011,2025-09-10T15:18:26.343860+00:00,en
45164892,social,HackerNews,https://news.ycombinator.com/,,102,40,50,,Bogdanp,https://news.ycombinator.com/item?id=45164892,2025-09-10T15:18:26.344017+00:00,en
45170515,social,HackerNews,https://news.ycombinator.com/,,961,435,51,,keyboardJones,https://news.ycombinator.com/item?id=45170515,2025-09-10T15:18:26.344175+00:00,en
45195267,social,HackerNews,https://news.ycombinator.com/,,74,75,52,,jordigh,https://news.ycombinator.com/item?id=45195267,2025-09-10T15:18:26.344329+00:00,en
45196099,social,HackerNews,https://news.ycombinator.com/,,11,8,53,,iruoy,https://news.ycombinator.com/item?id=45196099,2025-09-10T15:18:26.344484+00:00,en
45193291,social,HackerNews,https://news.ycombinator.com/,,16,3,54,,deevus,https://news.ycombinator.com/item?id=45193291,2025-09-10T15:18:26.344642+00:00,en
45183039,social,HackerNews,https://news.ycombinator.com/,,244,137,55,,mxstbr,https://news.ycombinator.com/item?id=45183039,2025-09-10T15:18:26.344799+00:00,en
45186726,social,HackerNews,https://news.ycombinator.com/,,163,181,56,,warrenm,https://news.ycombinator.com/item?id=45186726,2025-09-10T15:18:26.344956+00:00,en
45186023,social,HackerNews,https://news.ycombinator.com/,,93,245,57,,excerionsforte,https://news.ycombinator.com/item?id=45186023,2025-09-10T15:18:26.345111+00:00,en
45187349,social,HackerNews,https://news.ycombinator.com/,,35,6,58,,hawski,https://news.ycombinator.com/item?id=45187349,2025-09-10T15:18:26.345270+00:00,en
45191932,social,HackerNews,https://news.ycombinator.com/,,15,2,59,,nearestnabors,https://news.ycombinator.com/item?id=45191932,2025-09-10T15:18:26.345427+00:00,en
45145176,social,HackerNews,https://news.ycombinator.com/,,68,22,60,,brightprogramer,https://news.ycombinator.com/item?id=45145176,2025-09-10T15:18:26.345584+00:00,en
45186705,social,HackerNews,https://news.ycombinator.com/,,27,4,61,,oavioklein,https://news.ycombinator.com/item?id=45186705,2025-09-10T15:18:29.034193+00:00,en
45180315,social,HackerNews,https://news.ycombinator.com/,,111,35,62,,jadelcastillo,https://news.ycombinator.com/item?id=45180315,2025-09-10T15:18:29.034394+00:00,en
45155937,social,HackerNews,https://news.ycombinator.com/,,14,0,63,,forthelastime,https://news.ycombinator.com/item?id=45155937,2025-09-10T15:18:29.034583+00:00,en
45193218,social,HackerNews,https://news.ycombinator.com/,,12,1,64,,zdw,https://news.ycombinator.com/item?id=45193218,2025-09-10T15:18:29.034771+00:00,en
45140572,social,HackerNews,https://news.ycombinator.com/,,259,40,65,,stmw,https://news.ycombinator.com/item?id=45140572,2025-09-10T15:18:29.034961+00:00,en
45196163,social,HackerNews,https://news.ycombinator.com/,,42,44,66,,solarwindy,https://news.ycombinator.com/item?id=45196163,2025-09-10T15:18:29.035155+00:00,en
45198744,social,HackerNews,https://news.ycombinator.com/,,5,1,67,,ilamont,https://news.ycombinator.com/item?id=45198744,2025-09-10T15:18:29.035342+00:00,en
45179889,social,HackerNews,https://news.ycombinator.com/,,191,109,68,,naugtur,https://news.ycombinator.com/item?id=45179889,2025-09-10T15:18:29.035529+00:00,en
45182418,social,HackerNews,https://news.ycombinator.com/,,47,28,69,,ksec,https://news.ycombinator.com/item?id=45182418,2025-09-10T15:18:29.035714+00:00,en
45151641,social,HackerNews,https://news.ycombinator.com/,,348,496,70,,xrayarx,https://news.ycombinator.com/item?id=45151641,2025-09-10T15:18:29.035898+00:00,en
45188116,social,HackerNews,https://news.ycombinator.com/,,59,15,71,,aurellius,https://news.ycombinator.com/item?id=45188116,2025-09-10T15:18:29.036079+00:00,en
45157278,social,HackerNews,https://news.ycombinator.com/,,65,14,72,,dnetesn,https://news.ycombinator.com/item?id=45157278,2025-09-10T15:18:29.036267+00:00,en
45157161,social,HackerNews,https://news.ycombinator.com/,,33,13,73,,ayush_xeneva,https://news.ycombinator.com/item?id=45157161,2025-09-10T15:18:29.036447+00:00,en
45171200,social,HackerNews,https://news.ycombinator.com/,,661,381,74,,joshmanders,https://news.ycombinator.com/item?id=45171200,2025-09-10T15:18:29.036626+00:00,en
45192862,social,HackerNews,https://news.ycombinator.com/,,9,0,75,,vismit2000,https://news.ycombinator.com/item?id=45192862,2025-09-10T15:18:29.036806+00:00,en
45170000,social,HackerNews,https://news.ycombinator.com/,,222,100,76,,ktosobcy,https://news.ycombinator.com/item?id=45170000,2025-09-10T15:18:29.036985+00:00,en
45155916,social,HackerNews,https://news.ycombinator.com/,,38,7,77,,andsoitis,https://news.ycombinator.com/item?id=45155916,2025-09-10T15:18:29.037164+00:00,en
45135591,social,HackerNews,https://news.ycombinator.com/,,105,105,78,,joexbayer,https://news.ycombinator.com/item?id=45135591,2025-09-10T15:18:29.037345+00:00,en
45156414,social,HackerNews,https://news.ycombinator.com/,,142,162,79,,never_inline,https://news.ycombinator.com/item?id=45156414,2025-09-10T15:18:29.037525+00:00,en
45197066,social,HackerNews,https://news.ycombinator.com/,,77,112,80,,speckx,https://news.ycombinator.com/item?id=45197066,2025-09-10T15:18:29.037706+00:00,en
45193234,social,HackerNews,https://news.ycombinator.com/,,9,1,81,,zdw,https://news.ycombinator.com/item?id=45193234,2025-09-10T15:18:29.037886+00:00,en
45189260,social,HackerNews,https://news.ycombinator.com/,,27,5,82,,erichi,https://news.ycombinator.com/item?id=45189260,2025-09-10T15:18:29.038065+00:00,en
45165186,social,HackerNews,https://news.ycombinator.com/,,142,254,83,,sien,https://news.ycombinator.com/item?id=45165186,2025-09-10T15:18:29.038244+00:00,en
45182111,social,HackerNews,https://news.ycombinator.com/,,410,442,84,,Anon84,https://news.ycombinator.com/item?id=45182111,2025-09-10T15:18:29.038419+00:00,en
45174297,social,HackerNews,https://news.ycombinator.com/,,480,117,85,,Sateeshm,https://news.ycombinator.com/item?id=45174297,2025-09-10T15:18:29.038574+00:00,en
45142704,social,HackerNews,https://news.ycombinator.com/,,130,54,86,,ntnbr,https://news.ycombinator.com/item?id=45142704,2025-09-10T15:18:29.038729+00:00,en
45157232,social,HackerNews,https://news.ycombinator.com/,,29,3,87,,apatheticonion,https://news.ycombinator.com/item?id=45157232,2025-09-10T15:18:29.038881+00:00,en
45144129,social,HackerNews,https://news.ycombinator.com/,,84,27,88,,doener,https://news.ycombinator.com/item?id=45144129,2025-09-10T15:18:29.039034+00:00,en
45187449,social,HackerNews,https://news.ycombinator.com/,,50,7,89,,zac23or,https://news.ycombinator.com/item?id=45187449,2025-09-10T15:18:29.039187+00:00,en
45167625,social,HackerNews,https://news.ycombinator.com/,,175,290,90,,mooreds,https://news.ycombinator.com/item?id=45167625,2025-09-10T15:18:29.039341+00:00,en
45196173,social,HackerNews,https://news.ycombinator.com/,,195,68,1,,tosh,https://news.ycombinator.com/item?id=45196173,2025-09-10T15:19:37.562272+00:00,en
45192655,social,HackerNews,https://news.ycombinator.com/,,664,138,2,,vuciv,https://news.ycombinator.com/item?id=45192655,2025-09-10T15:19:37.562488+00:00,en
45196437,social,HackerNews,https://news.ycombinator.com/,,65,25,3,,feross,https://news.ycombinator.com/item?id=45196437,2025-09-10T15:19:37.562670+00:00,en
45195520,social,HackerNews,https://news.ycombinator.com/,,415,474,4,,robtherobber,https://news.ycombinator.com/item?id=45195520,2025-09-10T15:19:37.562834+00:00,en
45186015,social,HackerNews,https://news.ycombinator.com/,,830,1694,5,,excerionsforte,https://news.ycombinator.com/item?id=45186015,2025-09-10T15:19:37.562997+00:00,en
45197187,social,HackerNews,https://news.ycombinator.com/,,87,61,6,,coloneltcb,https://news.ycombinator.com/item?id=45197187,2025-09-10T15:19:37.563157+00:00,en
45155846,social,HackerNews,https://news.ycombinator.com/,,23,2,7,,MKuykendall,https://news.ycombinator.com/item?id=45155846,2025-09-10T15:19:37.563315+00:00,en
45185756,social,HackerNews,https://news.ycombinator.com/,,525,171,8,,rbanffy,https://news.ycombinator.com/item?id=45185756,2025-09-10T15:19:37.563478+00:00,en
45163417,social,HackerNews,https://news.ycombinator.com/,,32,6,9,,ibobev,https://news.ycombinator.com/item?id=45163417,2025-09-10T15:19:37.563636+00:00,en
45191347,social,HackerNews,https://news.ycombinator.com/,,210,54,10,,Gaishan,https://news.ycombinator.com/item?id=45191347,2025-09-10T15:19:37.563792+00:00,en
45182381,social,HackerNews,https://news.ycombinator.com/,,604,316,11,,meetpateltech,https://news.ycombinator.com/item?id=45182381,2025-09-10T15:19:37.563949+00:00,en
45154088,social,HackerNews,https://news.ycombinator.com/,,53,25,12,,zdw,https://news.ycombinator.com/item?id=45154088,2025-09-10T15:19:37.564106+00:00,en
45196433,social,HackerNews,https://news.ycombinator.com/,,0,0,13,,,https://news.ycombinator.com/item?id=45196433,2025-09-10T15:19:37.564240+00:00,en
45182657,social,HackerNews,https://news.ycombinator.com/,,447,806,14,,bikenaga,https://news.ycombinator.com/item?id=45182657,2025-09-10T15:19:37.564395+00:00,en
45171733,social,HackerNews,https://news.ycombinator.com/,,177,47,15,,CharlesW,https://news.ycombinator.com/item?id=45171733,2025-09-10T15:19:37.564551+00:00,en
45183029,social,HackerNews,https://news.ycombinator.com/,,774,430,16,,WhyNotHugo,https://news.ycombinator.com/item?id=45183029,2025-09-10T15:19:37.564712+00:00,en
45192194,social,HackerNews,https://news.ycombinator.com/,,79,33,17,,lawrenceyan,https://news.ycombinator.com/item?id=45192194,2025-09-10T15:19:37.564869+00:00,en
45196568,social,HackerNews,https://news.ycombinator.com/,,41,26,18,,hiAndrewQuinn,https://news.ycombinator.com/item?id=45196568,2025-09-10T15:19:37.565026+00:00,en
45177683,social,HackerNews,https://news.ycombinator.com/,,318,413,19,,geerlingguy,https://news.ycombinator.com/item?id=45177683,2025-09-10T15:19:37.565180+00:00,en
45157094,social,HackerNews,https://news.ycombinator.com/,,27,17,20,,GeneralMaximus,https://news.ycombinator.com/item?id=45157094,2025-09-10T15:19:37.565335+00:00,en
45194165,social,HackerNews,https://news.ycombinator.com/,,55,48,21,,GeoAtreides,https://news.ycombinator.com/item?id=45194165,2025-09-10T15:19:37.565489+00:00,en
45154142,social,HackerNews,https://news.ycombinator.com/,,162,39,22,,lordnacho,https://news.ycombinator.com/item?id=45154142,2025-09-10T15:19:37.565642+00:00,en
45186265,social,HackerNews,https://news.ycombinator.com/,,449,208,23,,circuit,https://news.ycombinator.com/item?id=45186265,2025-09-10T15:19:37.565794+00:00,en
45190777,social,HackerNews,https://news.ycombinator.com/,,109,11,24,,lioeters,https://news.ycombinator.com/item?id=45190777,2025-09-10T15:19:37.565947+00:00,en
45157425,social,HackerNews,https://news.ycombinator.com/,,51,48,25,,ColinWright,https://news.ycombinator.com/item?id=45157425,2025-09-10T15:19:37.566102+00:00,en
45185875,social,HackerNews,https://news.ycombinator.com/,,187,301,26,,ChrisArchitect,https://news.ycombinator.com/item?id=45185875,2025-09-10T15:19:37.566263+00:00,en
45158118,social,HackerNews,https://news.ycombinator.com/,,142,21,27,,losfair,https://news.ycombinator.com/item?id=45158118,2025-09-10T15:19:37.566419+00:00,en
45183050,social,HackerNews,https://news.ycombinator.com/,,227,35,28,,lvogel,https://news.ycombinator.com/item?id=45183050,2025-09-10T15:19:37.566573+00:00,en
45157505,social,HackerNews,https://news.ycombinator.com/,,40,33,29,,Bogdanp,https://news.ycombinator.com/item?id=45157505,2025-09-10T15:19:37.566730+00:00,en
45182770,social,HackerNews,https://news.ycombinator.com/,,248,87,30,,darccio,https://news.ycombinator.com/item?id=45182770,2025-09-10T15:19:37.566883+00:00,en
45198322,social,HackerNews,https://news.ycombinator.com/,,8,0,31,,mlange-42,https://news.ycombinator.com/item?id=45198322,2025-09-10T15:19:41.529406+00:00,en
45183589,social,HackerNews,https://news.ycombinator.com/,,173,98,32,,mellosouls,https://news.ycombinator.com/item?id=45183589,2025-09-10T15:19:41.529604+00:00,en
45188945,social,HackerNews,https://news.ycombinator.com/,,440,87,33,,marc__1,https://news.ycombinator.com/item?id=45188945,2025-09-10T15:19:41.529771+00:00,en
45184432,social,HackerNews,https://news.ycombinator.com/,,394,835,34,,alloyed,https://news.ycombinator.com/item?id=45184432,2025-09-10T15:19:41.529937+00:00,en
45197608,social,HackerNews,https://news.ycombinator.com/,,11,1,35,,benaadams,https://news.ycombinator.com/item?id=45197608,2025-09-10T15:19:41.530102+00:00,en
45197240,social,HackerNews,https://news.ycombinator.com/,,8,3,36,,ksec,https://news.ycombinator.com/item?id=45197240,2025-09-10T15:19:41.530266+00:00,en
45197302,social,HackerNews,https://news.ycombinator.com/,,14,3,37,,nixy,https://news.ycombinator.com/item?id=45197302,2025-09-10T15:19:41.530426+00:00,en
45198150,social,HackerNews,https://news.ycombinator.com/,,6,6,38,,speckx,https://news.ycombinator.com/item?id=45198150,2025-09-10T15:19:41.530585+00:00,en
45178041,social,HackerNews,https://news.ycombinator.com/,,770,416,39,,TechTechTech,https://news.ycombinator.com/item?id=45178041,2025-09-10T15:19:41.530745+00:00,en
45196746,social,HackerNews,https://news.ycombinator.com/,,13,8,40,,mooreds,https://news.ycombinator.com/item?id=45196746,2025-09-10T15:19:41.530903+00:00,en
45153380,social,HackerNews,https://news.ycombinator.com/,,17,1,41,,christkv,https://news.ycombinator.com/item?id=45153380,2025-09-10T15:19:41.531060+00:00,en
45184368,social,HackerNews,https://news.ycombinator.com/,,610,243,42,,coloneltcb,https://news.ycombinator.com/item?id=45184368,2025-09-10T15:19:41.531217+00:00,en
45167436,social,HackerNews,https://news.ycombinator.com/,,119,5,43,,reisinge,https://news.ycombinator.com/item?id=45167436,2025-09-10T15:19:41.531375+00:00,en
45179304,social,HackerNews,https://news.ycombinator.com/,,277,281,44,,nobody9999,https://news.ycombinator.com/item?id=45179304,2025-09-10T15:19:41.531534+00:00,en
45166245,social,HackerNews,https://news.ycombinator.com/,,123,26,45,,gidellav,https://news.ycombinator.com/item?id=45166245,2025-09-10T15:19:41.531692+00:00,en
45156671,social,HackerNews,https://news.ycombinator.com/,,36,29,46,,seductivebarry,https://news.ycombinator.com/item?id=45156671,2025-09-10T15:19:41.531852+00:00,en
45179939,social,HackerNews,https://news.ycombinator.com/,,378,274,47,,tosh,https://news.ycombinator.com/item?id=45179939,2025-09-10T15:19:41.532008+00:00,en
45177518,social,HackerNews,https://news.ycombinator.com/,,155,80,48,,tempodox,https://news.ycombinator.com/item?id=45177518,2025-09-10T15:19:41.532167+00:00,en
45186011,social,HackerNews,https://news.ycombinator.com/,,144,118,49,,mercenario,https://news.ycombinator.com/item?id=45186011,2025-09-10T15:19:41.532324+00:00,en
45164892,social,HackerNews,https://news.ycombinator.com/,,102,40,50,,Bogdanp,https://news.ycombinator.com/item?id=45164892,2025-09-10T15:19:41.532481+00:00,en
45170515,social,HackerNews,https://news.ycombinator.com/,,961,435,51,,keyboardJones,https://news.ycombinator.com/item?id=45170515,2025-09-10T15:19:41.532639+00:00,en
45195267,social,HackerNews,https://news.ycombinator.com/,,74,75,52,,jordigh,https://news.ycombinator.com/item?id=45195267,2025-09-10T15:19:41.532795+00:00,en
45193291,social,HackerNews,https://news.ycombinator.com/,,16,3,53,,deevus,https://news.ycombinator.com/item?id=45193291,2025-09-10T15:19:41.532951+00:00,en
45196099,social,HackerNews,https://news.ycombinator.com/,,11,8,54,,iruoy,https://news.ycombinator.com/item?id=45196099,2025-09-10T15:19:41.533112+00:00,en
45186726,social,HackerNews,https://news.ycombinator.com/,,164,182,55,,warrenm,https://news.ycombinator.com/item?id=45186726,2025-09-10T15:19:41.533268+00:00,en
45183039,social,HackerNews,https://news.ycombinator.com/,,244,137,56,,mxstbr,https://news.ycombinator.com/item?id=45183039,2025-09-10T15:19:41.533424+00:00,en
45186023,social,HackerNews,https://news.ycombinator.com/,,93,245,57,,excerionsforte,https://news.ycombinator.com/item?id=45186023,2025-09-10T15:19:41.533579+00:00,en
45186705,social,HackerNews,https://news.ycombinator.com/,,28,4,58,,oavioklein,https://news.ycombinator.com/item?id=45186705,2025-09-10T15:19:41.533738+00:00,en
45187349,social,HackerNews,https://news.ycombinator.com/,,35,6,59,,hawski,https://news.ycombinator.com/item?id=45187349,2025-09-10T15:19:41.533897+00:00,en
45145176,social,HackerNews,https://news.ycombinator.com/,,68,22,60,,brightprogramer,https://news.ycombinator.com/item?id=45145176,2025-09-10T15:19:41.534058+00:00,en
45191932,social,HackerNews,https://news.ycombinator.com/,,15,2,61,,nearestnabors,https://news.ycombinator.com/item?id=45191932,2025-09-10T15:19:43.775960+00:00,en
45180315,social,HackerNews,https://news.ycombinator.com/,,111,35,62,,jadelcastillo,https://news.ycombinator.com/item?id=45180315,2025-09-10T15:19:43.776142+00:00,en
45155937,social,HackerNews,https://news.ycombinator.com/,,14,0,63,,forthelastime,https://news.ycombinator.com/item?id=45155937,2025-09-10T15:19:43.776309+00:00,en
45193218,social,HackerNews,https://news.ycombinator.com/,,12,1,64,,zdw,https://news.ycombinator.com/item?id=45193218,2025-09-10T15:19:43.776477+00:00,en
45140572,social,HackerNews,https://news.ycombinator.com/,,259,40,65,,stmw,https://news.ycombinator.com/item?id=45140572,2025-09-10T15:19:43.776642+00:00,en
45196163,social,HackerNews,https://news.ycombinator.com/,,42,44,66,,solarwindy,https://news.ycombinator.com/item?id=45196163,2025-09-10T15:19:43.776803+00:00,en
45179889,social,HackerNews,https://news.ycombinator.com/,,191,109,67,,naugtur,https://news.ycombinator.com/item?id=45179889,2025-09-10T15:19:43.776968+00:00,en
45182418,social,HackerNews,https://news.ycombinator.com/,,47,28,68,,ksec,https://news.ycombinator.com/item?id=45182418,2025-09-10T15:19:43.777129+00:00,en
45151641,social,HackerNews,https://news.ycombinator.com/,,348,497,69,,xrayarx,https://news.ycombinator.com/item?id=45151641,2025-09-10T15:19:43.777289+00:00,en
45188116,social,HackerNews,https://news.ycombinator.com/,,59,15,70,,aurellius,https://news.ycombinator.com/item?id=45188116,2025-09-10T15:19:43.777449+00:00,en
45198744,social,HackerNews,https://news.ycombinator.com/,,5,1,71,,ilamont,https://news.ycombinator.com/item?id=45198744,2025-09-10T15:19:43.777609+00:00,en
45157278,social,HackerNews,https://news.ycombinator.com/,,65,14,72,,dnetesn,https://news.ycombinator.com/item?id=45157278,2025-09-10T15:19:43.777768+00:00,en
45157161,social,HackerNews,https://news.ycombinator.com/,,33,14,73,,ayush_xeneva,https://news.ycombinator.com/item?id=45157161,2025-09-10T15:19:43.777926+00:00,en
45171200,social,HackerNews,https://news.ycombinator.com/,,661,381,74,,joshmanders,https://news.ycombinator.com/item?id=45171200,2025-09-10T15:19:43.778085+00:00,en
45192862,social,HackerNews,https://news.ycombinator.com/,,9,0,75,,vismit2000,https://news.ycombinator.com/item?id=45192862,2025-09-10T15:19:43.778242+00:00,en
45170000,social,HackerNews,https://news.ycombinator.com/,,222,100,76,,ktosobcy,https://news.ycombinator.com/item?id=45170000,2025-09-10T15:19:43.778401+00:00,en
45155916,social,HackerNews,https://news.ycombinator.com/,,38,7,77,,andsoitis,https://news.ycombinator.com/item?id=45155916,2025-09-10T15:19:43.778560+00:00,en
45135591,social,HackerNews,https://news.ycombinator.com/,,105,105,78,,joexbayer,https://news.ycombinator.com/item?id=45135591,2025-09-10T15:19:43.778721+00:00,en
45156414,social,HackerNews,https://news.ycombinator.com/,,142,162,79,,never_inline,https://news.ycombinator.com/item?id=45156414,2025-09-10T15:19:43.778880+00:00,en
45197066,social,HackerNews,https://news.ycombinator.com/,,77,112,80,,speckx,https://news.ycombinator.com/item?id=45197066,2025-09-10T15:19:43.779037+00:00,en
45193234,social,HackerNews,https://news.ycombinator.com/,,9,1,81,,zdw,https://news.ycombinator.com/item?id=45193234,2025-09-10T15:19:43.779193+00:00,en
45189260,social,HackerNews,https://news.ycombinator.com/,,27,5,82,,erichi,https://news.ycombinator.com/item?id=45189260,2025-09-10T15:19:43.779350+00:00,en
45165186,social,HackerNews,https://news.ycombinator.com/,,142,254,83,,sien,https://news.ycombinator.com/item?id=45165186,2025-09-10T15:19:43.779509+00:00,en
45182111,social,HackerNews,https://news.ycombinator.com/,,410,442,84,,Anon84,https://news.ycombinator.com/item?id=45182111,2025-09-10T15:19:43.779670+00:00,en
45174297,social,HackerNews,https://news.ycombinator.com/,,480,117,85,,Sateeshm,https://news.ycombinator.com/item?id=45174297,2025-09-10T15:19:43.779827+00:00,en
45198948,social,HackerNews,https://news.ycombinator.com/,,3,0,86,,Michelangelo11,https://news.ycombinator.com/item?id=45198948,2025-09-10T15:19:43.779984+00:00,en
45142704,social,HackerNews,https://news.ycombinator.com/,,130,54,87,,ntnbr,https://news.ycombinator.com/item?id=45142704,2025-09-10T15:19:43.780141+00:00,en
45157232,social,HackerNews,https://news.ycombinator.com/,,29,3,88,,apatheticonion,https://news.ycombinator.com/item?id=45157232,2025-09-10T15:19:43.780297+00:00,en
45144129,social,HackerNews,https://news.ycombinator.com/,,84,27,89,,doener,https://news.ycombinator.com/item?id=45144129,2025-09-10T15:19:43.780453+00:00,en
45187449,social,HackerNews,https://news.ycombinator.com/,,50,7,90,,zac23or,https://news.ycombinator.com/item?id=45187449,2025-09-10T15:19:43.780610+00:00,en
45167625,social,HackerNews,https://news.ycombinator.com/,,175,290,91,,mooreds,https://news.ycombinator.com/item?id=45167625,2025-09-10T15:19:46.704609+00:00,en
45191768,social,HackerNews,https://news.ycombinator.com/,,10,0,92,,surprisetalk,https://news.ycombinator.com/item?id=45191768,2025-09-10T15:19:46.704805+00:00,en
45141907,social,HackerNews,https://news.ycombinator.com/,,232,89,93,,rbanffy,https://news.ycombinator.com/item?id=45141907,2025-09-10T15:19:46.704978+00:00,en
45184315,social,HackerNews,https://news.ycombinator.com/,,179,41,94,,JumpCrisscross,https://news.ycombinator.com/item?id=45184315,2025-09-10T15:19:46.705145+00:00,en
45194218,social,HackerNews,https://news.ycombinator.com/,,37,29,95,,Shank,https://news.ycombinator.com/item?id=45194218,2025-09-10T15:19:46.705310+00:00,en
45165684,social,HackerNews,https://news.ycombinator.com/,,550,205,96,,rzk,https://news.ycombinator.com/item?id=45165684,2025-09-10T15:19:46.705478+00:00,en
45158968,social,HackerNews,https://news.ycombinator.com/,,1006,487,97,,leephillips,https://news.ycombinator.com/item?id=45158968,2025-09-10T15:19:46.705642+00:00,en
45185394,social,HackerNews,https://news.ycombinator.com/,,78,171,98,,surprisetalk,https://news.ycombinator.com/item?id=45185394,2025-09-10T15:19:46.705807+00:00,en
45143019,social,HackerNews,https://news.ycombinator.com/,,29,5,99,,benbreen,https://news.ycombinator.com/item?id=45143019,2025-09-10T15:19:46.705972+00:00,en
45143927,social,HackerNews,https://news.ycombinator.com/,,82,28,100,,vitalnodo,https://news.ycombinator.com/item?id=45143927,2025-09-10T15:19:46.706135+00:00,en
45186904,social,HackerNews,https://news.ycombinator.com/,,32,9,101,,mceoin,https://news.ycombinator.com/item?id=45186904,2025-09-10T15:19:46.706295+00:00,en
45198044,social,HackerNews,https://news.ycombinator.com/,,6,3,102,,thm,https://news.ycombinator.com/item?id=45198044,2025-09-10T15:19:46.706456+00:00,en
45167394,social,HackerNews,https://news.ycombinator.com/,,111,209,103,,gingerBill,https://news.ycombinator.com/item?id=45167394,2025-09-10T15:19:46.706615+00:00,en
45187841,social,HackerNews,https://news.ycombinator.com/,,90,72,104,,andrew_lastmile,https://news.ycombinator.com/item?id=45187841,2025-09-10T15:19:46.706777+00:00,en
45180353,social,HackerNews,https://news.ycombinator.com/,,45,86,105,,kiyanwang,https://news.ycombinator.com/item?id=45180353,2025-09-10T15:19:46.706936+00:00,en
45191969,social,HackerNews,https://news.ycombinator.com/,,9,2,106,,soared,https://news.ycombinator.com/item?id=45191969,2025-09-10T15:19:46.707099+00:00,en
45168953,social,HackerNews,https://news.ycombinator.com/,,380,258,107,,frontsideair,https://news.ycombinator.com/item?id=45168953,2025-09-10T15:19:46.707261+00:00,en
45169657,social,HackerNews,https://news.ycombinator.com/,,1332,745,108,,universesquid,https://news.ycombinator.com/item?id=45169657,2025-09-10T15:19:46.707425+00:00,en
45163362,social,HackerNews,https://news.ycombinator.com/,,902,304,109,,dmitrybrant,https://news.ycombinator.com/item?id=45163362,2025-09-10T15:19:46.707585+00:00,en
45181094,social,HackerNews,https://news.ycombinator.com/,,193,156,110,,bhouston,https://news.ycombinator.com/item?id=45181094,2025-09-10T15:19:46.707746+00:00,en
45182372,social,HackerNews,https://news.ycombinator.com/,,751,635,111,,toomuchtodo,https://news.ycombinator.com/item?id=45182372,2025-09-10T15:19:46.707904+00:00,en
45198033,social,HackerNews,https://news.ycombinator.com/,,44,111,112,,cratermoon,https://news.ycombinator.com/item?id=45198033,2025-09-10T15:19:46.708067+00:00,en
45176401,social,HackerNews,https://news.ycombinator.com/,,66,19,113,,maxbond,https://news.ycombinator.com/item?id=45176401,2025-09-10T15:19:46.708238+00:00,en
45192720,social,HackerNews,https://news.ycombinator.com/,,5,0,114,,wmf,https://news.ycombinator.com/item?id=45192720,2025-09-10T15:19:46.708399+00:00,en
45188114,social,HackerNews,https://news.ycombinator.com/,,120,86,115,,jonfelsar,https://news.ycombinator.com/item?id=45188114,2025-09-10T15:19:46.708559+00:00,en
45172609,social,HackerNews,https://news.ycombinator.com/,,205,403,116,,mikece,https://news.ycombinator.com/item?id=45172609,2025-09-10T15:19:46.708716+00:00,en
45181626,social,HackerNews,https://news.ycombinator.com/,,129,95,117,,gnabgib,https://news.ycombinator.com/item?id=45181626,2025-09-10T15:19:46.708877+00:00,en
45191859,social,HackerNews,https://news.ycombinator.com/,,167,176,118,,strict9,https://news.ycombinator.com/item?id=45191859,2025-09-10T15:19:46.709036+00:00,en
45187778,social,HackerNews,https://news.ycombinator.com/,,44,4,119,,navigate8310,https://news.ycombinator.com/item?id=45187778,2025-09-10T15:19:46.709195+00:00,en
45187687,social,HackerNews,https://news.ycombinator.com/,,174,68,120,,JumpCrisscross,https://news.ycombinator.com/item?id=45187687,2025-09-10T15:19:46.709355+00:00,en
45174221,social,HackerNews,https://news.ycombinator.com/,,340,181,121,,mdhb,https://news.ycombinator.com/item?id=45174221,2025-09-10T15:19:50.331131+00:00,en
45188982,social,HackerNews,https://news.ycombinator.com/,,73,40,122,,Bogdanp,https://news.ycombinator.com/item?id=45188982,2025-09-10T15:19:50.331314+00:00,en
45144470,social,HackerNews,https://news.ycombinator.com/,,56,50,123,,jeena,https://news.ycombinator.com/item?id=45144470,2025-09-10T15:19:50.331477+00:00,en
45169275,social,HackerNews,https://news.ycombinator.com/,,266,246,124,,jerrythegerbil,https://news.ycombinator.com/item?id=45169275,2025-09-10T15:19:50.331638+00:00,en
45169624,social,HackerNews,https://news.ycombinator.com/,,272,119,125,,Fendy,https://news.ycombinator.com/item?id=45169624,2025-09-10T15:19:50.331799+00:00,en
45175628,social,HackerNews,https://news.ycombinator.com/,,243,205,126,,onecommentman,https://news.ycombinator.com/item?id=45175628,2025-09-10T15:19:50.331958+00:00,en
45142845,social,HackerNews,https://news.ycombinator.com/,,34,0,127,,todsacerdoti,https://news.ycombinator.com/item?id=45142845,2025-09-10T15:19:50.332114+00:00,en
45194341,social,HackerNews,https://news.ycombinator.com/,,33,13,128,,HeyMeco,https://news.ycombinator.com/item?id=45194341,2025-09-10T15:19:50.332269+00:00,en
45186044,social,HackerNews,https://news.ycombinator.com/,,94,87,129,,meetpateltech,https://news.ycombinator.com/item?id=45186044,2025-09-10T15:19:50.332428+00:00,en
45174037,social,HackerNews,https://news.ycombinator.com/,,183,340,130,,theahura,https://news.ycombinator.com/item?id=45174037,2025-09-10T15:19:50.332585+00:00,en
45166750,social,HackerNews,https://news.ycombinator.com/,,306,180,131,,vidyesh,https://news.ycombinator.com/item?id=45166750,2025-09-10T15:19:50.332741+00:00,en
45140281,social,HackerNews,https://news.ycombinator.com/,,63,33,132,,lermontov,https://news.ycombinator.com/item?id=45140281,2025-09-10T15:19:50.332897+00:00,en
45144758,social,HackerNews,https://news.ycombinator.com/,,158,156,133,,firexcy,https://news.ycombinator.com/item?id=45144758,2025-09-10T15:19:50.333053+00:00,en
45189816,social,HackerNews,https://news.ycombinator.com/,,39,7,134,,01-_-,https://news.ycombinator.com/item?id=45189816,2025-09-10T15:19:50.333210+00:00,en
45186484,social,HackerNews,https://news.ycombinator.com/,,33,1,135,,arunc,https://news.ycombinator.com/item?id=45186484,2025-09-10T15:19:50.333366+00:00,en
45176206,social,HackerNews,https://news.ycombinator.com/,,600,368,136,,LorenDB,https://news.ycombinator.com/item?id=45176206,2025-09-10T15:19:50.333523+00:00,en
45168854,social,HackerNews,https://news.ycombinator.com/,,214,419,137,,ksec,https://news.ycombinator.com/item?id=45168854,2025-09-10T15:19:50.333677+00:00,en
45174125,social,HackerNews,https://news.ycombinator.com/,,190,129,138,,oldfuture,https://news.ycombinator.com/item?id=45174125,2025-09-10T15:19:50.333835+00:00,en
45141809,social,HackerNews,https://news.ycombinator.com/,,73,21,139,,naves,https://news.ycombinator.com/item?id=45141809,2025-09-10T15:19:50.333990+00:00,en
45170087,social,HackerNews,https://news.ycombinator.com/,,263,179,140,,pykello,https://news.ycombinator.com/item?id=45170087,2025-09-10T15:19:50.334145+00:00,en
45124560,social,HackerNews,https://news.ycombinator.com/,,121,44,141,,robin_reala,https://news.ycombinator.com/item?id=45124560,2025-09-10T15:19:50.334298+00:00,en
45185995,social,HackerNews,https://news.ycombinator.com/,,17,0,142,,jose_zap,https://news.ycombinator.com/item?id=45185995,2025-09-10T15:19:50.334457+00:00,en
45152252,social,HackerNews,https://news.ycombinator.com/,,48,44,143,,marojejian,https://news.ycombinator.com/item?id=45152252,2025-09-10T15:19:50.334614+00:00,en
45174724,social,HackerNews,https://news.ycombinator.com/,,58,38,144,,Eikon,https://news.ycombinator.com/item?id=45174724,2025-09-10T15:19:50.334769+00:00,en
45142885,social,HackerNews,https://news.ycombinator.com/,,977,734,145,,acomjean,https://news.ycombinator.com/item?id=45142885,2025-09-10T15:19:50.334924+00:00,en
45138695,social,HackerNews,https://news.ycombinator.com/,,179,71,146,,lordleft,https://news.ycombinator.com/item?id=45138695,2025-09-10T15:19:50.335080+00:00,en
45155682,social,HackerNews,https://news.ycombinator.com/,,221,58,147,,pykello,https://news.ycombinator.com/item?id=45155682,2025-09-10T15:19:50.335234+00:00,en
45186160,social,HackerNews,https://news.ycombinator.com/,,42,21,148,,brandonb,https://news.ycombinator.com/item?id=45186160,2025-09-10T15:19:50.335388+00:00,en
45172376,social,HackerNews,https://news.ycombinator.com/,,72,3,149,,ionychal,https://news.ycombinator.com/item?id=45172376,2025-09-10T15:19:50.335544+00:00,en
45167401,social,HackerNews,https://news.ycombinator.com/,,253,40,150,,ashvardanian,https://news.ycombinator.com/item?id=45167401,2025-09-10T15:19:50.335700+00:00,en
45169892,social,HackerNews,https://news.ycombinator.com/,,153,77,151,,jandrewrogers,https://news.ycombinator.com/item?id=45169892,2025-09-10T15:19:54.125993+00:00,en
45152284,social,HackerNews,https://news.ycombinator.com/,,356,255,152,,simonw,https://news.ycombinator.com/item?id=45152284,2025-09-10T15:19:54.126203+00:00,en
45187408,social,HackerNews,https://news.ycombinator.com/,,8,0,153,,_mu,https://news.ycombinator.com/item?id=45187408,2025-09-10T15:19:54.126395+00:00,en
45167459,social,HackerNews,https://news.ycombinator.com/,,108,65,154,,jnord,https://news.ycombinator.com/item?id=45167459,2025-09-10T15:19:54.126583+00:00,en
45145638,social,HackerNews,https://news.ycombinator.com/,,19,10,155,,hhs,https://news.ycombinator.com/item?id=45145638,2025-09-10T15:19:54.126768+00:00,en
45194201,social,HackerNews,https://news.ycombinator.com/,,12,11,156,,mindracer,https://news.ycombinator.com/item?id=45194201,2025-09-10T15:19:54.126953+00:00,en
45134404,social,HackerNews,https://news.ycombinator.com/,,35,4,157,,NaOH,https://news.ycombinator.com/item?id=45134404,2025-09-10T15:19:54.127141+00:00,en
45163043,social,HackerNews,https://news.ycombinator.com/,,349,476,158,,MaxLeiter,https://news.ycombinator.com/item?id=45163043,2025-09-10T15:19:54.127326+00:00,en
45130433,social,HackerNews,https://news.ycombinator.com/,,66,80,159,,akkartik,https://news.ycombinator.com/item?id=45130433,2025-09-10T15:19:54.127514+00:00,en
45152402,social,HackerNews,https://news.ycombinator.com/,,197,79,160,,protagonist_hn,https://news.ycombinator.com/item?id=45152402,2025-09-10T15:19:54.127701+00:00,en
45169286,social,HackerNews,https://news.ycombinator.com/,,96,66,161,,eustoria,https://news.ycombinator.com/item?id=45169286,2025-09-10T15:19:54.127881+00:00,en
45144123,social,HackerNews,https://news.ycombinator.com/,,166,407,162,,randycupertino,https://news.ycombinator.com/item?id=45144123,2025-09-10T15:19:54.128063+00:00,en
45185268,social,HackerNews,https://news.ycombinator.com/,,31,2,163,,gm678,https://news.ycombinator.com/item?id=45185268,2025-09-10T15:19:54.128242+00:00,en
45119310,social,HackerNews,https://news.ycombinator.com/,,99,28,164,,zdw,https://news.ycombinator.com/item?id=45119310,2025-09-10T15:19:54.128422+00:00,en
45185150,social,HackerNews,https://news.ycombinator.com/,,5,0,165,,castano-ludicon,https://news.ycombinator.com/item?id=45185150,2025-09-10T15:19:54.128581+00:00,en
45189058,social,HackerNews,https://news.ycombinator.com/,,5,0,166,,ciconia,https://news.ycombinator.com/item?id=45189058,2025-09-10T15:19:54.128740+00:00,en
45155986,social,HackerNews,https://news.ycombinator.com/,,340,358,167,,secure,https://news.ycombinator.com/item?id=45155986,2025-09-10T15:19:54.128898+00:00,en
45137584,social,HackerNews,https://news.ycombinator.com/,,50,2,168,,tomsonj,https://news.ycombinator.com/item?id=45137584,2025-09-10T15:19:54.129056+00:00,en
45177507,social,HackerNews,https://news.ycombinator.com/,,23,5,169,,luu,https://news.ycombinator.com/item?id=45177507,2025-09-10T15:19:54.129213+00:00,en
45140695,social,HackerNews,https://news.ycombinator.com/,,39,117,170,,cs702,https://news.ycombinator.com/item?id=45140695,2025-09-10T15:19:54.129371+00:00,en
45162626,social,HackerNews,https://news.ycombinator.com/,,206,264,171,,qwytw,https://news.ycombinator.com/item?id=45162626,2025-09-10T15:19:54.129532+00:00,en
45139656,social,HackerNews,https://news.ycombinator.com/,,242,305,172,,b-man,https://news.ycombinator.com/item?id=45139656,2025-09-10T15:19:54.129694+00:00,en
45134144,social,HackerNews,https://news.ycombinator.com/,,56,13,173,,walterbell,https://news.ycombinator.com/item?id=45134144,2025-09-10T15:19:54.129851+00:00,en
45160774,social,HackerNews,https://news.ycombinator.com/,,248,54,174,,xk3,https://news.ycombinator.com/item?id=45160774,2025-09-10T15:19:54.130007+00:00,en
45184907,social,HackerNews,https://news.ycombinator.com/,,34,8,175,,PaulHoule,https://news.ycombinator.com/item?id=45184907,2025-09-10T15:19:54.130163+00:00,en
45167534,social,HackerNews,https://news.ycombinator.com/,,161,116,176,,FergusArgyll,https://news.ycombinator.com/item?id=45167534,2025-09-10T15:19:54.130321+00:00,en
45192302,social,HackerNews,https://news.ycombinator.com/,,9,2,177,,voisin,https://news.ycombinator.com/item?id=45192302,2025-09-10T15:19:54.130477+00:00,en
45155877,social,HackerNews,https://news.ycombinator.com/,,103,85,178,,andsoitis,https://news.ycombinator.com/item?id=45155877,2025-09-10T15:19:54.130633+00:00,en
45154857,social,HackerNews,https://news.ycombinator.com/,,142,41,179,,ccheshirecat,https://news.ycombinator.com/item?id=45154857,2025-09-10T15:19:54.130787+00:00,en
45161816,social,HackerNews,https://news.ycombinator.com/,,221,155,180,,vinnyglennon,https://news.ycombinator.com/item?id=45161816,2025-09-10T15:19:54.130945+00:00,en
45131091,social,HackerNews,https://news.ycombinator.com/,,47,20,181,,todsacerdoti,https://news.ycombinator.com/item?id=45131091,2025-09-10T15:19:56.420149+00:00,en
45185576,social,HackerNews,https://news.ycombinator.com/,,43,4,182,,geox,https://news.ycombinator.com/item?id=45185576,2025-09-10T15:19:56.420326+00:00,en
45158814,social,HackerNews,https://news.ycombinator.com/,,111,39,183,,ripe,https://news.ycombinator.com/item?id=45158814,2025-09-10T15:19:56.420488+00:00,en
45176580,social,HackerNews,https://news.ycombinator.com/,,18,10,184,,aratahikaru5,https://news.ycombinator.com/item?id=45176580,2025-09-10T15:19:56.420650+00:00,en
45186730,social,HackerNews,https://news.ycombinator.com/,,3,0,185,,0xggus,https://news.ycombinator.com/item?id=45186730,2025-09-10T15:19:56.420813+00:00,en
45187856,social,HackerNews,https://news.ycombinator.com/,,20,0,186,,enz,https://news.ycombinator.com/item?id=45187856,2025-09-10T15:19:56.420973+00:00,en
45165885,social,HackerNews,https://news.ycombinator.com/,,58,63,187,,kiyanwang,https://news.ycombinator.com/item?id=45165885,2025-09-10T15:19:56.421135+00:00,en
45174033,social,HackerNews,https://news.ycombinator.com/,,26,1,188,,Henry3,https://news.ycombinator.com/item?id=45174033,2025-09-10T15:19:56.421295+00:00,en
45187386,social,HackerNews,https://news.ycombinator.com/,,92,75,189,,colonCapitalDee,https://news.ycombinator.com/item?id=45187386,2025-09-10T15:19:56.421454+00:00,en
45152779,social,HackerNews,https://news.ycombinator.com/,,368,60,190,,defrost,https://news.ycombinator.com/item?id=45152779,2025-09-10T15:19:56.421613+00:00,en
45193566,social,HackerNews,https://news.ycombinator.com/,,23,1,191,,macleginn,https://news.ycombinator.com/item?id=45193566,2025-09-10T15:19:56.421769+00:00,en
45171481,social,HackerNews,https://news.ycombinator.com/,,19,2,192,,PaulHoule,https://news.ycombinator.com/item?id=45171481,2025-09-10T15:19:56.421925+00:00,en
45169798,social,HackerNews,https://news.ycombinator.com/,,106,32,193,,Brajeshwar,https://news.ycombinator.com/item?id=45169798,2025-09-10T15:19:56.422082+00:00,en
45162368,social,HackerNews,https://news.ycombinator.com/,,55,8,194,,Sean-Der,https://news.ycombinator.com/item?id=45162368,2025-09-10T15:19:56.422237+00:00,en
45173277,social,HackerNews,https://news.ycombinator.com/,,768,249,195,,Improvement,https://news.ycombinator.com/item?id=45173277,2025-09-10T15:19:56.422392+00:00,en
45110311,social,HackerNews,https://news.ycombinator.com/,,605,119,196,,gpjt,https://news.ycombinator.com/item?id=45110311,2025-09-10T15:19:56.422546+00:00,en
45189242,social,HackerNews,https://news.ycombinator.com/,,27,14,197,,avonmach,https://news.ycombinator.com/item?id=45189242,2025-09-10T15:19:56.422699+00:00,en
45188069,social,HackerNews,https://news.ycombinator.com/,,31,14,198,,ta12653421,https://news.ycombinator.com/item?id=45188069,2025-09-10T15:19:56.422853+00:00,en
45175815,social,HackerNews,https://news.ycombinator.com/,,24,2,199,,davidbarker,https://news.ycombinator.com/item?id=45175815,2025-09-10T15:19:56.423006+00:00,en
45184163,social,HackerNews,https://news.ycombinator.com/,,27,1,200,,feross,https://news.ycombinator.com/item?id=45184163,2025-09-10T15:19:56.423160+00:00,en
45157778,social,HackerNews,https://news.ycombinator.com/,,28,8,201,,xrd,https://news.ycombinator.com/item?id=45157778,2025-09-10T15:19:56.423306+00:00,en
45185546,social,HackerNews,https://news.ycombinator.com/,,4,0,202,,attakei,https://news.ycombinator.com/item?id=45185546,2025-09-10T15:19:56.423460+00:00,en
45154609,social,HackerNews,https://news.ycombinator.com/,,998,316,203,,mitchivin,https://news.ycombinator.com/item?id=45154609,2025-09-10T15:19:56.423617+00:00,en
45185464,social,HackerNews,https://news.ycombinator.com/,,9,4,204,,notorandit,https://news.ycombinator.com/item?id=45185464,2025-09-10T15:19:56.423773+00:00,en
45193159,social,HackerNews,https://news.ycombinator.com/,,4,0,205,,palmfacehn,https://news.ycombinator.com/item?id=45193159,2025-09-10T15:19:56.423927+00:00,en
45152066,social,HackerNews,https://news.ycombinator.com/,,403,175,206,,notmine1337,https://news.ycombinator.com/item?id=45152066,2025-09-10T15:19:56.424082+00:00,en
45151598,social,HackerNews,https://news.ycombinator.com/,,117,63,207,,tanelpoder,https://news.ycombinator.com/item?id=45151598,2025-09-10T15:19:56.424237+00:00,en
45188910,social,HackerNews,https://news.ycombinator.com/,,17,1,208,,kPwn,https://news.ycombinator.com/item?id=45188910,2025-09-10T15:19:56.424392+00:00,en
45118286,social,HackerNews,https://news.ycombinator.com/,,243,236,209,,mgh2,https://news.ycombinator.com/item?id=45118286,2025-09-10T15:19:56.424547+00:00,en
45195608,social,HackerNews,https://news.ycombinator.com/,,12,2,210,,danielam,https://news.ycombinator.com/item?id=45195608,2025-09-10T15:19:56.424701+00:00,en
45106011,social,HackerNews,https://news.ycombinator.com/,,576,677,211,,natalie3p,https://news.ycombinator.com/item?id=45106011,2025-09-10T15:20:00.291113+00:00,en
45192238,social,HackerNews,https://news.ycombinator.com/,,13,7,212,,t0lo,https://news.ycombinator.com/item?id=45192238,2025-09-10T15:20:00.291301+00:00,en
45184871,social,HackerNews,https://news.ycombinator.com/,,3,0,213,,Twixes,https://news.ycombinator.com/item?id=45184871,2025-09-10T15:20:00.291482+00:00,en
45167705,social,HackerNews,https://news.ycombinator.com/,,504,343,214,,mdhb,https://news.ycombinator.com/item?id=45167705,2025-09-10T15:20:00.291653+00:00,en
45123328,social,HackerNews,https://news.ycombinator.com/,,68,40,215,,pantsuits,https://news.ycombinator.com/item?id=45123328,2025-09-10T15:20:00.291817+00:00,en
45182857,social,HackerNews,https://news.ycombinator.com/,,20,2,216,,wahnfrieden,https://news.ycombinator.com/item?id=45182857,2025-09-10T15:20:00.291980+00:00,en
45182163,social,HackerNews,https://news.ycombinator.com/,,19,5,217,,WoodenChair,https://news.ycombinator.com/item?id=45182163,2025-09-10T15:20:00.292144+00:00,en
45184508,social,HackerNews,https://news.ycombinator.com/,,4,0,218,,opsconjurer,https://news.ycombinator.com/item?id=45184508,2025-09-10T15:20:00.292314+00:00,en
45168823,social,HackerNews,https://news.ycombinator.com/,,22,2,219,,robin_reala,https://news.ycombinator.com/item?id=45168823,2025-09-10T15:20:00.292477+00:00,en
45165415,social,HackerNews,https://news.ycombinator.com/,,20,5,220,,cemdervis,https://news.ycombinator.com/item?id=45165415,2025-09-10T15:20:00.292638+00:00,en
45156826,social,HackerNews,https://news.ycombinator.com/,,261,97,221,,kreyenborgi,https://news.ycombinator.com/item?id=45156826,2025-09-10T15:20:00.292802+00:00,en
45162803,social,HackerNews,https://news.ycombinator.com/,,243,120,222,,zdw,https://news.ycombinator.com/item?id=45162803,2025-09-10T15:20:00.292963+00:00,en
45137772,social,HackerNews,https://news.ycombinator.com/,,78,52,223,,eso_eso,https://news.ycombinator.com/item?id=45137772,2025-09-10T15:20:00.293123+00:00,en
45106132,social,HackerNews,https://news.ycombinator.com/,,79,121,224,,nablags,https://news.ycombinator.com/item?id=45106132,2025-09-10T15:20:00.293286+00:00,en
45173984,social,HackerNews,https://news.ycombinator.com/,,21,8,225,,ahussain,https://news.ycombinator.com/item?id=45173984,2025-09-10T15:20:00.293444+00:00,en
45195543,social,HackerNews,https://news.ycombinator.com/,,21,51,226,,jamessmithe,https://news.ycombinator.com/item?id=45195543,2025-09-10T15:20:00.293594+00:00,en
45188749,social,HackerNews,https://news.ycombinator.com/,,15,2,227,,toomuchtodo,https://news.ycombinator.com/item?id=45188749,2025-09-10T15:20:00.293753+00:00,en
45175588,social,HackerNews,https://news.ycombinator.com/,,261,312,228,,nabla9,https://news.ycombinator.com/item?id=45175588,2025-09-10T15:20:00.293912+00:00,en
45142970,social,HackerNews,https://news.ycombinator.com/,,15,0,229,,vogr,https://news.ycombinator.com/item?id=45142970,2025-09-10T15:20:00.294072+00:00,en
45186050,social,HackerNews,https://news.ycombinator.com/,,17,6,230,,manveerc,https://news.ycombinator.com/item?id=45186050,2025-09-10T15:20:00.294236+00:00,en
45193140,social,HackerNews,https://news.ycombinator.com/,,7,1,231,,lordhumphrey,https://news.ycombinator.com/item?id=45193140,2025-09-10T15:20:00.294400+00:00,en
45148237,social,HackerNews,https://news.ycombinator.com/,,347,161,232,,b4rtazz,https://news.ycombinator.com/item?id=45148237,2025-09-10T15:20:00.294562+00:00,en
45144900,social,HackerNews,https://news.ycombinator.com/,,512,644,233,,MilnerRoute,https://news.ycombinator.com/item?id=45144900,2025-09-10T15:20:00.294719+00:00,en
45187762,social,HackerNews,https://news.ycombinator.com/,,12,4,234,,wiry,https://news.ycombinator.com/item?id=45187762,2025-09-10T15:20:00.294879+00:00,en
45186190,social,HackerNews,https://news.ycombinator.com/,,18,2,235,,ryzvonusef,https://news.ycombinator.com/item?id=45186190,2025-09-10T15:20:00.295036+00:00,en
45172337,social,HackerNews,https://news.ycombinator.com/,,82,56,236,,kayaroberts,https://news.ycombinator.com/item?id=45172337,2025-09-10T15:20:00.295198+00:00,en
45132488,social,HackerNews,https://news.ycombinator.com/,,205,82,237,,whatisabcdefgh,https://news.ycombinator.com/item?id=45132488,2025-09-10T15:20:00.295359+00:00,en
45124003,social,HackerNews,https://news.ycombinator.com/,,1078,374,238,,MaxLeiter,https://news.ycombinator.com/item?id=45124003,2025-09-10T15:20:00.295519+00:00,en
45149281,social,HackerNews,https://news.ycombinator.com/,,599,220,239,,mustaphah,https://news.ycombinator.com/item?id=45149281,2025-09-10T15:20:00.295678+00:00,en
45147385,social,HackerNews,https://news.ycombinator.com/,,271,225,240,,simianwords,https://news.ycombinator.com/item?id=45147385,2025-09-10T15:20:00.295838+00:00,en
45135263,social,HackerNews,https://news.ycombinator.com/,,163,72,241,,loumf,https://news.ycombinator.com/item?id=45135263,2025-09-10T15:20:03.897959+00:00,en
45140921,social,HackerNews,https://news.ycombinator.com/,,176,23,242,,zachdive,https://news.ycombinator.com/item?id=45140921,2025-09-10T15:20:03.898139+00:00,en
45189965,social,HackerNews,https://news.ycombinator.com/,,124,97,243,,Varun08,https://news.ycombinator.com/item?id=45189965,2025-09-10T15:20:03.898306+00:00,en
45185335,social,HackerNews,https://news.ycombinator.com/,,23,9,244,,makaimc,https://news.ycombinator.com/item?id=45185335,2025-09-10T15:20:03.898470+00:00,en
45148944,social,HackerNews,https://news.ycombinator.com/,,424,216,245,,BobDaHacker,https://news.ycombinator.com/item?id=45148944,2025-09-10T15:20:03.898635+00:00,en
45113531,social,HackerNews,https://news.ycombinator.com/,,78,20,246,,alexmolas,https://news.ycombinator.com/item?id=45113531,2025-09-10T15:20:03.898796+00:00,en
45185168,social,HackerNews,https://news.ycombinator.com/,,23,0,247,,rntn,https://news.ycombinator.com/item?id=45185168,2025-09-10T15:20:03.898952+00:00,en
45181535,social,HackerNews,https://news.ycombinator.com/,,20,4,248,,ghub-mmulet,https://news.ycombinator.com/item?id=45181535,2025-09-10T15:20:03.899111+00:00,en
45139088,social,HackerNews,https://news.ycombinator.com/,,540,133,249,,jakelazaroff,https://news.ycombinator.com/item?id=45139088,2025-09-10T15:20:03.899268+00:00,en
45129507,social,HackerNews,https://news.ycombinator.com/,,101,20,250,,officerk,https://news.ycombinator.com/item?id=45129507,2025-09-10T15:20:03.899426+00:00,en
45195496,social,HackerNews,https://news.ycombinator.com/,,12,0,251,,saubeidl,https://news.ycombinator.com/item?id=45195496,2025-09-10T15:20:03.899587+00:00,en
45140786,social,HackerNews,https://news.ycombinator.com/,,157,296,252,,jaredwiener,https://news.ycombinator.com/item?id=45140786,2025-09-10T15:20:03.899744+00:00,en
45190957,social,HackerNews,https://news.ycombinator.com/,,8,1,253,,giuliomagnifico,https://news.ycombinator.com/item?id=45190957,2025-09-10T15:20:03.899901+00:00,en
45191988,social,HackerNews,https://news.ycombinator.com/,,5,0,254,,arunc,https://news.ycombinator.com/item?id=45191988,2025-09-10T15:20:03.900057+00:00,en
45169157,social,HackerNews,https://news.ycombinator.com/,,128,114,255,,FollowingTheDao,https://news.ycombinator.com/item?id=45169157,2025-09-10T15:20:03.900215+00:00,en
45193061,social,HackerNews,https://news.ycombinator.com/,,4,1,256,,garbawarb,https://news.ycombinator.com/item?id=45193061,2025-09-10T15:20:03.900371+00:00,en
45174696,social,HackerNews,https://news.ycombinator.com/,,58,30,257,,breve,https://news.ycombinator.com/item?id=45174696,2025-09-10T15:20:03.900526+00:00,en
45135623,social,HackerNews,https://news.ycombinator.com/,,146,148,258,,todsacerdoti,https://news.ycombinator.com/item?id=45135623,2025-09-10T15:20:03.900681+00:00,en
45195398,social,HackerNews,https://news.ycombinator.com/,,6,2,259,,roboboffin,https://news.ycombinator.com/item?id=45195398,2025-09-10T15:20:03.900845+00:00,en
45109927,social,HackerNews,https://news.ycombinator.com/,,205,179,260,,pseudolus,https://news.ycombinator.com/item?id=45109927,2025-09-10T15:20:03.901004+00:00,en
45157906,social,HackerNews,https://news.ycombinator.com/,,223,76,261,,walterbell,https://news.ycombinator.com/item?id=45157906,2025-09-10T15:20:03.901163+00:00,en
45162501,social,HackerNews,https://news.ycombinator.com/,,161,111,262,,BirAdam,https://news.ycombinator.com/item?id=45162501,2025-09-10T15:20:03.901320+00:00,en
45173872,social,HackerNews,https://news.ycombinator.com/,,17,0,263,,theneki,https://news.ycombinator.com/item?id=45173872,2025-09-10T15:20:03.901479+00:00,en
45144392,social,HackerNews,https://news.ycombinator.com/,,14,3,264,,bananamerica,https://news.ycombinator.com/item?id=45144392,2025-09-10T15:20:03.901637+00:00,en
45152940,social,HackerNews,https://news.ycombinator.com/,,283,87,265,,tentoumushi,https://news.ycombinator.com/item?id=45152940,2025-09-10T15:20:03.901795+00:00,en
45157110,social,HackerNews,https://news.ycombinator.com/,,612,481,266,,operator-name,https://news.ycombinator.com/item?id=45157110,2025-09-10T15:20:03.901952+00:00,en
45176491,social,HackerNews,https://news.ycombinator.com/,,80,70,267,,bashtoni,https://news.ycombinator.com/item?id=45176491,2025-09-10T15:20:03.902106+00:00,en
45143347,social,HackerNews,https://news.ycombinator.com/,,101,88,268,,fanf2,https://news.ycombinator.com/item?id=45143347,2025-09-10T15:20:03.902263+00:00,en
45176009,social,HackerNews,https://news.ycombinator.com/,,9,2,269,,AsmodiusVI,https://news.ycombinator.com/item?id=45176009,2025-09-10T15:20:03.902419+00:00,en
45113181,social,HackerNews,https://news.ycombinator.com/,,83,3,270,,phreeza,https://news.ycombinator.com/item?id=45113181,2025-09-10T15:20:03.902646+00:00,en
45121010,social,HackerNews,https://news.ycombinator.com/,,184,38,271,,bookofjoe,https://news.ycombinator.com/item?id=45121010,2025-09-10T15:20:06.365371+00:00,en
45193402,social,HackerNews,https://news.ycombinator.com/,,35,28,272,,consumer451,https://news.ycombinator.com/item?id=45193402,2025-09-10T15:20:06.365550+00:00,en
45181207,social,HackerNews,https://news.ycombinator.com/,,24,0,273,,heresie-dabord,https://news.ycombinator.com/item?id=45181207,2025-09-10T15:20:06.365716+00:00,en
45175786,social,HackerNews,https://news.ycombinator.com/,,6,0,274,,bookish,https://news.ycombinator.com/item?id=45175786,2025-09-10T15:20:06.365877+00:00,en
45136728,social,HackerNews,https://news.ycombinator.com/,,140,108,275,,tosh,https://news.ycombinator.com/item?id=45136728,2025-09-10T15:20:06.366041+00:00,en
45136103,social,HackerNews,https://news.ycombinator.com/,,468,669,276,,calcifer,https://news.ycombinator.com/item?id=45136103,2025-09-10T15:20:06.366204+00:00,en
45154501,social,HackerNews,https://news.ycombinator.com/,,194,188,277,,csb6,https://news.ycombinator.com/item?id=45154501,2025-09-10T15:20:06.366362+00:00,en
45129085,social,HackerNews,https://news.ycombinator.com/,,801,1064,278,,_nvs,https://news.ycombinator.com/item?id=45129085,2025-09-10T15:20:06.366522+00:00,en
45175665,social,HackerNews,https://news.ycombinator.com/,,5,0,279,,soh3il,https://news.ycombinator.com/item?id=45175665,2025-09-10T15:20:06.366682+00:00,en
45177526,social,HackerNews,https://news.ycombinator.com/,,8,0,280,,tempodox,https://news.ycombinator.com/item?id=45177526,2025-09-10T15:20:06.366841+00:00,en
45161855,social,HackerNews,https://news.ycombinator.com/,,371,107,281,,mpweiher,https://news.ycombinator.com/item?id=45161855,2025-09-10T15:20:06.366997+00:00,en
45186117,social,HackerNews,https://news.ycombinator.com/,,13,5,282,,thm,https://news.ycombinator.com/item?id=45186117,2025-09-10T15:20:06.367162+00:00,en
45192729,social,HackerNews,https://news.ycombinator.com/,,6,1,283,,paulpauper,https://news.ycombinator.com/item?id=45192729,2025-09-10T15:20:06.367322+00:00,en
45187932,social,HackerNews,https://news.ycombinator.com/,,17,0,284,,_JamesA_,https://news.ycombinator.com/item?id=45187932,2025-09-10T15:20:06.367482+00:00,en
45152374,social,HackerNews,https://news.ycombinator.com/,,234,204,285,,mgh2,https://news.ycombinator.com/item?id=45152374,2025-09-10T15:20:06.367640+00:00,en
45153428,social,HackerNews,https://news.ycombinator.com/,,41,10,286,,fremden,https://news.ycombinator.com/item?id=45153428,2025-09-10T15:20:06.367800+00:00,en
45189845,social,HackerNews,https://news.ycombinator.com/,,21,3,287,,underwoods,https://news.ycombinator.com/item?id=45189845,2025-09-10T15:20:06.367957+00:00,en
45135061,social,HackerNews,https://news.ycombinator.com/,,117,127,288,,wonger_,https://news.ycombinator.com/item?id=45135061,2025-09-10T15:20:06.368114+00:00,en
45123034,social,HackerNews,https://news.ycombinator.com/,,183,92,289,,jonbaer,https://news.ycombinator.com/item?id=45123034,2025-09-10T15:20:06.368271+00:00,en
45191320,social,HackerNews,https://news.ycombinator.com/,,8,1,290,,foobarian,https://news.ycombinator.com/item?id=45191320,2025-09-10T15:20:06.368428+00:00,en
45130260,social,HackerNews,https://news.ycombinator.com/,,638,46,291,,gmays,https://news.ycombinator.com/item?id=45130260,2025-09-10T15:20:06.368585+00:00,en
45174979,social,HackerNews,https://news.ycombinator.com/,,12,0,292,,warrenm,https://news.ycombinator.com/item?id=45174979,2025-09-10T15:20:06.368742+00:00,en
45120381,social,HackerNews,https://news.ycombinator.com/,,37,7,293,,ibobev,https://news.ycombinator.com/item?id=45120381,2025-09-10T15:20:06.368902+00:00,en
45189432,social,HackerNews,https://news.ycombinator.com/,,9,1,294,,silexia,https://news.ycombinator.com/item?id=45189432,2025-09-10T15:20:06.369057+00:00,en
45179756,social,HackerNews,https://news.ycombinator.com/,,11,0,295,,martin_hell,https://news.ycombinator.com/item?id=45179756,2025-09-10T15:20:06.369213+00:00,en
45174541,social,HackerNews,https://news.ycombinator.com/,,16,0,296,,matt_d,https://news.ycombinator.com/item?id=45174541,2025-09-10T15:20:06.369370+00:00,en
45161229,social,HackerNews,https://news.ycombinator.com/,,80,98,297,,PaulHoule,https://news.ycombinator.com/item?id=45161229,2025-09-10T15:20:06.369527+00:00,en
45090553,social,HackerNews,https://news.ycombinator.com/,,168,55,298,,mindbrix,https://news.ycombinator.com/item?id=45090553,2025-09-10T15:20:06.369684+00:00,en
45112720,social,HackerNews,https://news.ycombinator.com/,,279,177,299,,merqurio,https://news.ycombinator.com/item?id=45112720,2025-09-10T15:20:06.369843+00:00,en
45099681,social,HackerNews,https://news.ycombinator.com/,,79,20,300,,bertman,https://news.ycombinator.com/item?id=45099681,2025-09-10T15:20:06.370001+00:00,en
